	Method	BFGS_LS(suc)	BFGS_LS(time)	BFGS_LS(nit)	DFP_LS(suc)	DFP_LS(time)	DFP_LS(nit)	PSB_LS(suc)	PSB_LS(time)	PSB_LS(nit)	SR1_LS(suc)	SR1_LS(time)	SR1_LS(nit)	BFGS_TR(suc)	BFGS_TR(time)	BFGS_TR(nit)	DFP_TR(suc)	DFP_TR(time)	DFP_TR(nit)	PSB_TR(suc)	PSB_TR(time)	PSB_TR(nit)	SR1_TR(suc)	SR1_TR(time)	SR1_TR(nit)
3	Shekel07	0.1	0.04807128998750812	48.3	0.03	0.2663216174481458	548.15	0.0	0.004709300908423586	1.13	0.0	0.00614793822743195	1.98	0.0	0.0862082346033624	38.81	0.0	0.08315533073417328	30.21	0.0	0.09569089169787448	30.22	0.0	0.10954825185411353	70.15
4	Price01	0.27	0.04572255798608496	222.1	0.23	0.00855985740976223	6.63	0.29	0.00789357390304673	6.25	0.2	0.007740284265339028	5.64	0.29	0.03479191121978687	157.27	0.18	0.04057828073222993	182.7	0.27	0.033807549362845746	167.35	0.22	0.0304801644166713	117.03
5	Price02	0.04	0.07258003916271093	345.11	0.01	0.017662356544872467	22.01	0.0	0.011852154996753086	7.96	0.0	0.010072813219359772	5.81	0.05	0.03510085958684641	158.01	0.02	0.03196829608000769	135.85	0.04	0.03412124446588507	146.12	0.01	0.03840023023807703	124.31
6	Price03	0.17	0.01516957607371495	38.85	0.12	0.05170599829203013	319.26	0.0	0.0044713141060603355	20.32	0.22	0.005714338863066928	26.43	0.33	0.033123925302626284	47.01	0.2	0.032361851808614686	82.95	0.26	0.021516235761394286	49.12	0.0	0.08966402517224083	400.0
7	Deceptive	0.01	0.034188271798957434	92.52	0.03	0.014700072569468146	1.41	0.01	0.01431657906586764	1.4	0.02	0.013877056972376069	1.54	0.0	0.025348220123680675	54.74	0.03	0.026128985494232496	55.36	0.0	0.028527160523919976	65.66	0.0	0.0246490430195405	52.79
8	Chichinadze	0.03	0.06801825911106021	223.29	0.02	0.017046529558695057	20.02	0.0	0.0114828717667163	6.5	0.03	0.013543562421078265	6.92	0.0	0.027901318352462283	88.78	0.0	0.03130872642507967	116.81	0.0	0.03211663371747818	104.22	0.0	0.033000296350273864	100.57
9	Deb02	0.04	0.023501658577973216	42.88	0.01	0.018446598578800603	15.89	0.02	0.014164127590551629	3.91	0.03	0.0139613949245836	2.93	0.04	0.048715422059664205	212.87	0.06	0.050485124969583815	213.83	0.04	0.047371702354854515	224.19	0.01	0.04721207945950539	205.04
10	Shubert03	0.0	0.05921556553082893	181.29	0.01	0.019501588446015603	11.55	0.0	0.018820320648429173	10.5	0.01	0.015480448793196046	8.76	0.0	0.029895447794668826	68.42	0.0	0.033552038124415734	85.14	0.0	0.031420343141969065	83.13	0.0	0.02608373755424793	30.99
11	Weierstrass	0.0	0.03176379300980955	3.26	0.0	0.03382325635496045	3.47	0.0	0.035547852444077536	3.46	0.0	0.031250281703815413	3.48	0.0	0.04065526765818163	36.49	0.0	0.04303653832091527	40.19	0.0	0.04264685267884944	36.5	0.0	0.0421245363914312	36.23
12	SineEnvelope	0.0	0.10922868106167756	364.54	0.0	0.020330543877585115	6.93	0.0	0.019127498611260303	6.69	0.0	0.01894867923140225	6.72	0.0	0.057506518209291924	281.95	0.0	0.06522170464268867	331.58	0.0	0.08523169416994278	323.86	0.0	0.0246430176582885	24.79
13	Hartmann3	0.02	0.06764999792597791	82.08	0.01	0.03358860082045851	24.45	0.01	0.022854276488388336	13.02	0.01	0.02004478609540058	8.0	0.0	0.09474186095142613	67.5	0.0	0.09366909006782066	63.96	0.0	0.08889714507350903	51.76	0.0	0.22504341125249994	221.68
14	YaoLiu04	0.0	0.01955093311848997	57.4	0.0	0.01003725973925043	1.99	0.0	0.006521942535418362	1.33	0.0	0.010084128411612029	2.11	0.0	0.013452283971128623	1.07	0.0	0.012619535427116376	1.99	0.01	0.022965375768298487	66.57	0.0	0.012534008652740451	1.62
15	Quadratic	1.0	0.0009748726613202053	4.52	1.0	0.0009266227315595188	4.46	1.0	0.0009637242462832773	5.23	1.0	0.0007050912805851795	4.37	1.0	0.016157773806485802	5.17	1.0	0.012741342659169276	5.33	1.0	0.012863953842908131	5.51	1.0	0.012554197247829392	5.34
16	Hartmann6	0.68	0.02789019559545636	14.83	0.62	0.2416820892822528	218.19	0.38	0.01790181013141023	9.09	0.08	0.012127662395033666	4.48	0.7	0.3028833213809673	39.74	0.68	0.2957808829698706	36.1	0.74	0.2878933771914581	30.0	0.72	0.43027177843092657	164.34
17	Plateau	0.0	0.08247977184876731	400.0	0.0	0.009525360612955185	2.0	0.0	0.009644713226592784	2.0	0.0	0.00977606952300448	2.0	0.0	0.06403718019936377	400.0	0.0	0.060939302075864815	400.0	0.0	0.060748624408741986	400.0	0.0	0.0607967417719999	400.0
18	Bohachevsky	0.13	0.06208262827198952	113.59	0.17	0.024320966589391445	25.98	0.09	0.01426727715678112	9.5	0.08	0.014263197529649004	8.5	0.08	0.0410973085151727	40.61	0.08	0.04582334273700326	60.93	0.07	0.045196508454963584	59.71	0.04	0.05660135842176145	70.22
19	NewFunction02	0.0	0.004579569620718757	0.26	0.0	0.004735206968381362	1.58	0.0	0.004262633052929914	0.17	0.0	0.003996140176667495	0.37	0.0	0.02150321430999952	55.84	0.0	0.021368924445220046	54.92	0.0	0.021537501993839213	56.28	0.0	0.021332502868358458	55.12
20	NewFunction01	0.0	0.004687393225171945	0.19	0.0	0.004695082082184854	2.72	0.0	0.0042576682236801855	0.24	0.0	0.004322754098974428	0.29	0.0	0.021408176958317426	55.13	0.0	0.02176103049500284	56.22	0.0	0.021505284057936933	55.55	0.0	0.021908252008062158	54.47
21	Bird	0.0	0.01881624102128626	54.21	0.0	0.01566511820440951	41.88	0.0	0.007036215029708046	8.78	0.0	0.006489386768754457	7.76	0.0	0.024346261132909604	44.97	0.0	0.025166467175462236	51.76	0.0	0.02150862387847269	31.72	0.0	0.0228665153698114	41.16
22	Deb01	0.01	0.035268829895380806	133.75	0.02	0.01772967466897853	37.93	0.01	0.009303991662853832	7.23	0.0	0.00836743927278917	6.41	0.01	0.030981975659941555	118.51	0.0	0.034692212658904965	107.55	0.0	0.029110474506816218	109.36	0.0	0.03649057559091149	102.36
23	Brown	0.9	0.0038859346515664585	11.74	0.76	0.02494033010768476	104.4	0.68	0.002712054015285048	6.95	0.48	0.002398324701539423	6.29	0.96	0.02236362648918316	17.51	0.86	0.035014002871131426	67.0	0.9	0.03300534670630555	55.53	0.69	0.05424900863777566	143.18
24	Keane	0.0	0.007840239406546061	7.45	0.0	0.008770381564867194	7.78	0.0	0.006809983882480992	6.48	0.0	0.007312132956510595	7.07	0.0	0.02467171189108626	57.61	0.0	0.031403053904525684	86.82	0.0	0.02066203710237801	46.1	0.0	0.02479460531317386	61.93
25	DeckkersAarts	0.01	0.03422775951068616	180.06	0.0	0.012108829399319348	24.38	0.0	0.006220473484776221	14.44	0.0	0.010091479437874114	10.68	0.01	0.028524393732768657	119.9	0.0	0.02279899625777034	73.39	0.0	0.030418798956051207	136.21	0.0	0.05881923018205384	124.61
26	Katsuura	0.0	0.18717593156831755	396.01	0.0	0.033114855188200634	4.92	0.0	0.03265548233038204	4.35	0.0	0.028966225049168768	4.24	0.0	0.060047907822656725	100.69	0.0	0.06559392144108983	107.44	0.0	0.11199178600858772	210.08	0.0	0.06056315532218036	103.4
27	Pinter	0.03	0.04555025574644105	128.36	0.01	0.021395638733189344	24.66	0.03	0.017767994940237487	12.21	0.04	0.013468906099732295	8.71	0.04	0.033347624857327667	65.44	0.02	0.03867777744992964	91.57	0.02	0.034033541035106515	56.55	0.01	0.05644430560598266	102.07
28	Colville	0.0	0.013993715492615593	17.46	0.0	0.015111464906867697	24.47	0.0	0.017151077487690146	30.2	0.0	0.0047700847869703005	11.21	0.0	0.057209098851412815	128.18	0.0	0.056244014729426216	130.05	0.0	0.054256834337631975	122.69	0.0	0.15320108755847628	507.47
29	HolderTable	0.0	0.02576880658932509	94.16	0.0	0.009918146600590491	13.94	0.0	0.0073726089386605045	7.34	0.0	0.0067093103163699645	6.91	0.0	0.0221435575460464	41.44	0.0	0.02325277994089106	49.56	0.0	0.026599596570197264	63.37	0.0	0.02469757091131556	52.57
30	Step	0.0	0.08751593898349483	400.0	0.0	0.011598183240263323	2.0	0.0	0.011061784969436984	2.0	0.0	0.010784562759332627	2.0	0.0	0.06557000387863468	400.0	0.0	0.062350322799433124	400.0	0.0	0.06246539479801413	400.0	0.0	0.061881695944628064	400.0
31	CarromTable	0.0	0.019334349391424442	58.26	0.0	0.014530447317847575	45.24	0.0	0.004546214178716355	4.25	0.0	0.0061441322859741385	5.88	0.0	0.02444793108594581	59.27	0.0	0.023396862621339096	52.45	0.0	0.02523461918562589	62.1	0.0	0.02718513852558772	61.31
32	BartelsConn	0.44	0.010019367538058077	9.62	0.49	0.010202022793739616	12.44	0.04	0.006464789268442246	7.82	0.2	0.006241111095428096	6.88	0.15	0.03345569221308778	81.4	0.01	0.025512940414780583	54.58	0.0	0.0260387504709388	54.87	0.0	0.02257055851976929	47.77
33	Treccani	0.5	0.0039043870531293118	10.13	0.43	0.004290446359956377	11.23	0.3	0.004868359327059579	10.06	0.36	0.003132430940338509	6.7	0.36	0.015077972622024163	24.29	0.36	0.015423744541784572	26.64	0.39	0.01617913411838231	28.64	0.38	0.02183842794946713	58.66
34	PermFunction01	0.43	0.007403047917657659	14.23	0.56	0.009048027132513426	36.65	0.04	0.0029724616615544627	9.0	0.11	0.003079549735743967	7.34	0.51	0.02058781269123415	37.08	0.41	0.023658950868723425	49.52	0.45	0.020455930405157686	37.02	0.47	0.055451609164877035	188.83
35	Griewank	0.0	0.07747140946841682	271.2	0.0	0.021291030935453814	34.76	0.0	0.011856397124756769	6.91	0.0	0.00926411480429124	6.79	0.0	0.036578569812731984	122.11	0.0	0.0485412339546474	150.64	0.0	0.04666991240775587	196.76	0.0	0.04002724883030851	135.21
36	Ackley	0.0	0.08354114201334824	274.93	0.0	0.01906564992436415	14.51	0.0	0.014181138865976663	8.13	0.0	0.012846408025152413	6.82	0.0	0.03951082961399152	133.61	0.0	0.041942022254929726	124.09	0.0	0.03766993421709231	121.17	0.0	0.03659628668404594	106.51
37	Sodp	1.0	0.002873028233682362	11.86	1.0	0.002708808274189777	12.46	0.29	0.003002900640540247	9.05	0.88	0.002327363136846543	10.55	1.0	0.02034501928414102	17.58	1.0	0.01980246736190565	18.2	1.0	0.01933949810322929	17.23	0.01	0.02049813359195696	35.07
38	Levy13	0.04	0.029989719681743736	120.73	0.02	0.0128648048343166	19.92	0.0	0.008929713669192551	13.07	0.0	0.00882724404081955	9.29	0.0	0.03255177256379056	90.27	0.0	0.03639194183837617	101.48	0.0	0.02752962326737588	63.01	0.0	0.06843252514805499	237.2
39	Ursem01	0.48	0.027971723993134686	139.85	0.49	0.005467051023983914	8.66	0.57	0.0037334104784804366	6.07	0.41	0.0040302397016353094	5.59	0.56	0.02582305622230024	89.5	0.51	0.025371162680903583	96.62	0.7	0.023102500845641315	55.7	0.62	0.019453150357358028	35.86
40	Ursem04	0.54	0.01066869536174636	27.35	0.59	0.025522929942042083	140.38	0.26	0.0018492641917669066	3.98	0.07	0.0016497858195612025	2.36	0.63	0.05086377765776207	157.39	0.59	0.05343663257141088	173.84	0.65	0.05096367720656417	150.89	0.61	0.03979398738222017	122.5
41	CrossInTray	0.0	0.026106453465517918	86.26	0.0	0.012459177001503577	21.24	0.0	0.011818068300829055	12.58	0.0	0.007463485412770297	9.15	0.0	0.029878398032196857	92.02	0.0	0.027613614836159286	66.35	0.0	0.026130785832824587	57.49	0.0	0.02255919628778429	34.51
42	Qing	0.27	0.015790727101596076	45.21	0.13	0.05840360854565915	262.39	0.01	0.007271362343169585	23.95	0.08	0.01044128394505151	30.17	0.29	0.02922585867811449	66.91	0.31	0.030194735912562005	68.79	0.27	0.028884884810411224	61.89	0.0	0.1127527519308751	400.0
43	WayburnSeader01	0.53	0.008373233711745342	33.73	0.13	0.0459248117021275	294.44	0.1	0.0043808994765117855	16.99	0.06	0.004180920772710125	14.71	0.5	0.02374533718716976	59.64	0.29	0.06895534176711181	262.21	0.54	0.024134484010555752	61.86	0.03	0.0866578616852462	392.17
44	Exponential	1.0	0.0007913236508420595	3.0	1.0	0.0006958672179644054	3.16	1.0	0.0007694801126740457	3.28	1.0	0.000685963217497374	3.13	1.0	0.014149292971546856	3.86	1.0	0.015007173558199156	3.81	1.0	0.014073734342719036	3.84	1.0	0.013881880682442898	3.35
45	Trefethen	0.0	0.024115599698759524	56.08	0.0	0.016211056986930997	19.78	0.0	0.018014611394135044	14.57	0.0	0.01316439657224464	8.42	0.0	0.026804236483226305	39.07	0.0	0.02749151681308604	34.27	0.0	0.026058969000396247	41.98	0.0	0.06474296852314865	158.47
46	Damavandi	0.01	0.09178166382931977	384.27	0.01	0.015212155578328748	9.79	0.0	0.017230040082122287	10.33	0.0	0.01533584439944207	6.46	0.01	0.04581313511649341	215.11	0.01	0.05348234235597147	288.21	0.0	0.049522465531640594	250.56	0.01	0.03911442584380438	180.83
47	Schaffer03	0.0	0.07013641948145732	313.12	0.0	0.04747282066019578	216.68	0.0	0.002435503190349664	4.69	0.0	0.0025246605763277327	4.75	0.0	0.10353054524602384	354.28	0.0	0.07136747476639811	209.86	0.0	0.10489641210905573	348.18	0.0	0.047681647108822736	143.44
48	Quintic	0.05	0.025759762132938704	13.99	0.05	0.02438739523504409	13.03	0.07	0.02443095402123617	13.73	0.02	0.015382054515612253	10.55	0.14	0.039447060851011885	74.99	0.16	0.035747069959620605	57.14	0.27	0.036196859542367295	55.28	0.24	0.07869221436943236	168.55
49	Schwefel21	0.2	0.025839614205838187	107.88	0.2	0.008436942605972036	5.34	0.01	0.001653638800776207	1.12	0.19	0.0056435098648739785	3.86	0.0	0.011145113705704262	1.0	0.0	0.011582835460603746	1.42	1.0	0.01982488820582376	43.57	0.0	0.012442537767553859	1.16
50	Trigonometric02	0.0	0.03631146969637029	62.85	0.0	0.018437229120663687	10.58	0.0	0.02310597750901706	15.01	0.0	0.015795922853144476	8.05	0.0	0.028445615020898457	40.6	0.0	0.0279470580714019	51.0	0.0	0.028701263102163917	53.56	0.0	0.04662903488594111	100.85
51	EggCrate	0.1	0.04101493767877855	204.16	0.13	0.016322314491339966	10.07	0.15	0.012968061309009044	8.71	0.1	0.009713647806711379	8.37	0.14	0.028542144814769018	80.73	0.08	0.05006488916370472	108.63	0.13	0.026763068170400858	63.06	0.15	0.01950199042184749	45.99
52	Judge	0.58	0.021153820331337555	52.68	0.6	0.0111792688230571	24.33	0.23	0.008909277046454918	13.96	0.39	0.006238990031408776	12.05	0.46	0.037039875575651415	49.37	0.45	0.030914854247396307	50.7	0.37	0.030878022142017018	50.3	0.46	0.07445459789800908	174.7
53	CosineMixture	0.0	0.09791534046712967	384.41	0.0	0.015677682087575702	3.54	0.0	0.015630372952336984	3.41	0.0	0.016194922360937197	3.36	0.04	0.1032261084162792	319.46	0.01	0.10688376355438324	321.46	0.0	0.11434839502592012	342.32	0.0	0.0807159446282526	237.79
54	DeVilliersGlasser01	0.0	0.06829049938656681	50.54	0.0	0.16510893331434773	288.13	0.0	0.10813675218062373	92.11	0.0	0.03487301625993723	6.45	0.0	0.2176762631983888	459.79	0.0	0.2833066104926797	554.12	0.0	0.2651432209981885	473.84	0.0	0.4380764942917267	748.09
55	Trigonometric01	0.0	0.017287894668659192	5.72	0.0	0.014406480534762522	5.75	0.0	0.011352853964312999	5.34	0.0	0.00944440524465335	5.23	0.0	0.02678226893124929	52.36	0.0	0.027299286834997927	52.73	0.0	0.025514005223126333	48.16	0.0	0.027798870105784773	55.89
56	DeVilliersGlasser02	0.0	0.06561369950765311	8.4	0.0	0.05889195787462768	34.79	0.0	0.08885272674323688	29.67	0.0	0.04017096374560879	2.79	0.0	0.1728443511062187	89.14	0.0	0.1882503745003737	131.85	0.0	0.17753194531930602	122.51	0.0	0.21106243069658148	147.99
57	Penalty02	0.0	0.06692788681727961	150.82	0.0	0.09910638205067243	226.5	0.0	0.014537212485695363	21.51	0.0	0.018748341315115345	22.46	0.0	0.05305967331338707	102.67	0.0	0.05117636518906693	89.58	0.0	0.05120337026806965	107.8	0.0	0.17668426380049368	384.21
58	Vincent	0.18	0.031441912994475844	128.25	0.15	0.00811015763011028	11.21	0.21	0.0059233491942814	7.23	0.11	0.006863827263289295	6.82	0.21	0.02243797491412806	52.56	0.18	0.021352011525600567	51.14	0.22	0.02144862684626787	51.14	0.21	0.024733757289557158	64.56
59	Pathological	0.0	0.03896679380219666	40.97	0.0	0.0985215585201854	189.86	0.0	0.013639446487800341	4.67	0.0	0.012523895111664842	5.96	0.0	0.04195155849027287	39.07	0.0	0.04088225999370933	35.67	0.0	0.038769543402484036	25.54	0.0	0.06298480745143932	82.08
60	Schwefel02	0.0	0.03746348968910978	197.98	0.0	0.007341348902627942	5.32	0.0	0.006821059599747059	5.03	0.0	0.0074993125785408656	5.2	0.0	0.034061940200544996	199.78	0.0	0.032668918586634836	189.94	0.0	0.037902853558071	223.57	0.0	0.015431929454100556	37.58
61	Salomon	0.0	0.02462554881462665	72.33	0.01	0.00892930314067371	5.66	0.0	0.008069215963232637	5.6	0.0	0.00831592222023346	5.36	0.0	0.029445273341436862	80.41	0.0	0.0268643104895682	61.1	0.0	0.02552582074699785	46.14	0.0	0.02855504225236928	67.74
62	Schwefel22	0.28	0.01174959556526801	3.95	0.3	0.011532344729364468	4.24	0.3	0.010881434660316243	3.99	0.73	0.0048509332467870075	4.11	0.01	0.02207640619914173	44.06	0.06	0.023082829687532468	46.43	0.04	0.024692926807485947	57.05	0.01	0.024207378480352874	53.06
63	CrownedCross	0.0	0.005483934009234872	0.32	0.0	0.005983068264481517	0.57	0.0	0.005771821408131928	0.38	0.0	0.00625640755903305	0.41	0.0	0.023903621588501664	57.89	0.0	0.02516139971408393	57.93	0.0	0.03159743488099366	58.99	0.0	0.027239345395171314	60.2
64	Schwefel20	0.34	0.010159528815895557	4.39	0.22	0.008992639993423382	2.71	0.0	0.0015439763706535815	1.01	0.14	0.0059576668124759645	2.66	0.0	0.01241002904062043	1.01	0.0	0.012648960913834344	1.01	1.0	0.021775848008662703	43.45	0.0	0.012506571663550405	2.3
65	Rana	0.0	0.11933939119474872	376.6	0.0	0.02536287513647267	25.01	0.0	0.013354103510498587	7.29	0.0	0.016609504847017433	8.15	0.0	0.08144600545060939	288.27	0.0	0.05739922487082823	248.06	0.0	0.06090229891696253	280.95	0.0	0.03974323151798217	86.13
66	Kowalik	0.26	0.08669961585649162	149.58	0.0	0.2691204041652964	700.13	0.0	0.006624651638780961	9.42	0.0	0.005485918230442621	7.8	0.23	9.95015834427005	387.31	0.03	0.4257188504004125	774.3	0.29	0.2941667874732229	505.9	0.0	0.3155290451063956	610.18
67	Ripple01	0.0	0.01817669746060801	12.79	0.0	0.01691285548671658	9.19	0.0	0.017944162990097542	10.46	0.0	0.015472379342022578	8.11	0.0	0.026579596134033642	32.48	0.0	0.025392668388331003	25.29	0.0	0.02502347496140373	24.92	0.0	0.029550171930191032	38.09
68	Shubert01	0.0	0.058290610571370964	154.16	0.0	0.021874712683488725	11.64	0.0	0.021957288784151388	10.55	0.0	0.018815792005743792	9.12	0.0	0.02819117286712298	42.46	0.0	0.027708934426254928	36.5	0.0	0.03217371428670504	56.04	0.0	0.02874160180529088	35.06
69	UrsemWaves	0.0	0.044604932585666585	197.48	0.0	0.010644812009995805	10.27	0.0	0.01025460893093623	8.24	0.0	0.008653256923685149	6.82	0.0	0.03157379100418438	93.54	0.0	0.031708675280060564	86.73	0.0	0.02600966709132081	67.41	0.0	0.042975831416429175	131.81
70	Penalty01	0.1	0.06896053751866475	144.39	0.11	0.1092861422250462	272.48	0.0	0.03701295602339087	25.78	0.01	0.01915154446386623	26.6	0.1	0.04894342361110375	82.91	0.02	0.06802489598872853	98.99	0.1	0.06363138131302548	99.25	0.0	0.19279429228518893	386.26
71	SixHumpCamel	0.0	0.02581514499566765	124.77	0.0	0.01181141431776723	37.08	0.0	0.007234915108278983	14.98	0.0	0.006797394341278959	13.94	0.0	0.026143785902545458	96.85	0.0	0.025273225971573082	83.23	0.0	0.01975908390558743	48.86	0.0	0.03866393066516139	134.74
72	Leon	1.0	0.003887431370139893	22.39	0.85	0.019153165196262308	132.2	0.0	0.003071736864940249	11.58	0.02	0.001751058073114109	5.45	1.0	0.017850913148013202	35.67	0.81	0.039146588187290936	132.79	1.0	0.020282041643845332	42.06	0.07	0.07945999249931447	361.67
73	FreudensteinRoth	0.4	0.014479524676403344	78.51	0.46	0.004893512751409617	14.24	0.47	0.002465544469841916	10.69	0.37	0.0042671274849544714	12.31	0.41	0.018191408065767974	43.31	0.44	0.0220596343986881	64.09	0.47	0.02046642881671687	58.44	0.09	0.07956037099804689	356.85
74	YaoLiu09	0.03	0.04124681786943711	157.6	0.02	0.010284303826992984	11.28	0.02	0.00881043375329682	9.3	0.03	0.009512236529421896	8.75	0.03	0.020299138446030155	33.1	0.0	0.02445266071653805	49.95	0.02	0.024757563667176328	58.22	0.01	0.02183188942756715	41.25
75	Bukin04	0.94	0.002398829309490793	3.0	0.91	0.0025576910165636944	3.26	0.84	0.0020221180791304503	2.92	0.55	0.0014811997182414415	2.39	1.0	0.01891481490512433	36.87	0.98	0.016625331576624373	22.5	1.0	0.0158732133991316	20.98	0.14	0.015820657196277354	28.86
76	Parsopoulos	0.08	0.007144064292201619	8.55	0.08	0.007955687722924267	15.07	0.09	0.004612198085151249	5.92	0.07	0.0039008163103017054	4.73	0.08	0.021513032783705057	47.33	0.07	0.024046429920012997	62.22	0.07	0.02103876971445516	51.31	0.05	0.023193693768821504	62.28
77	Shubert04	0.0	0.06198983599809708	188.97	0.0	0.019082994754194255	10.62	0.0	0.015913646181725197	10.12	0.0	0.014943481769323625	8.62	0.02	0.03244131473467405	82.66	0.0	0.03323874072088074	87.52	0.0	0.03139810618067713	79.19	0.0	0.025801345250633857	31.52
78	PowerSum	0.0	0.11672599231368624	305.16	0.0	0.2024582746940541	765.41	0.0	0.01902533260294604	49.75	0.0	0.005599809959535378	11.53	0.0	0.2465044095466737	504.78	0.0	0.32979484692630195	789.17	0.0	0.25635791073485964	586.51	0.0	0.295365547848196	800.0
79	Watson	1.0	0.06222618923909067	50.32	0.52	1.054955130516032	964.87	0.0	0.044054773056832336	28.2	0.01	0.022261768377256887	14.61	0.0	0.35480453069534634	66.95	0.0	0.4990910342709958	165.46	0.0	0.4034009294194175	109.24	0.0	1.6074342138742397	1113.42
80	Zirilli	0.49	0.02551086211414713	142.83	0.51	0.005526167130446993	12.39	0.39	0.005511482183287625	11.79	0.48	0.004597927942868409	10.35	0.03	0.020117167404550856	58.71	0.03	0.02161395010111392	72.48	0.04	0.023287473876903282	87.35	0.01	0.017645413690884196	38.94
81	Trid	1.0	0.004791162860537952	11.55	1.0	0.005167014546796054	13.65	0.07	0.006446430946307372	12.63	0.46	0.002758537817167053	5.47	1.0	0.09244204171228376	10.02	1.0	0.0927919745096142	10.25	1.0	0.0926019169115807	10.27	0.93	0.10447979836208106	37.85
82	DeflectedCorrugatedSpring	0.07	0.01067212498540812	17.27	0.05	0.009238242955034368	5.66	0.02	0.008057533005840016	5.51	0.08	0.006630548709831601	5.37	0.0	0.02529538595883423	28.88	0.01	0.02249795911734054	21.27	0.02	0.022450273664308042	21.41	0.01	0.02364710968679446	28.83
83	Wolfe	0.0	0.01240302867411174	47.57	0.0	0.09619188616047722	600.0	0.0	0.001889247958793021	5.33	0.0	0.00225019660468206	5.69	0.0	0.2365784800096253	600.0	0.0	0.2219918031138968	600.0	0.0	0.19572262640750526	600.0	0.0	0.20643488055543452	600.0
84	Beale	0.63	0.013659724886065306	65.6	0.34	0.04048269173285462	259.9	0.01	0.0032157938873251623	8.39	0.14	0.0021705326907022027	6.84	0.55	0.03757198467873877	125.76	0.55	0.05878775632911129	185.82	0.55	0.0592066066012103	200.48	0.22	0.07447119436857974	322.48
85	TestTubeHolder	0.01	0.04428298842522509	188.07	0.0	0.0106572860900269	8.45	0.05	0.01097416278912533	8.08	0.03	0.006345171521770682	6.94	0.01	0.026872037833632026	83.86	0.0	0.02962705194768205	106.09	0.0	0.03188009231766045	113.88	0.0	0.025729536970820845	68.57
86	Brent	1.0	0.0009417096545348613	3.09	1.0	0.0005636727591900126	2.99	1.0	0.0005801409395826341	2.93	1.0	0.0005384466370742302	2.93	1.0	0.01252679446930415	4.65	1.0	0.01251718981261547	4.59	1.0	0.012390404922225573	4.76	1.0	0.012516000990399337	4.58
87	Rastrigin	0.02	0.037885773861289634	149.59	0.02	0.008411524048588035	9.19	0.02	0.010165242004450192	9.64	0.01	0.008119189257458857	8.48	0.01	0.019339014877023147	31.05	0.02	0.022543254097035968	56.01	0.01	0.02390438705314409	65.86	0.01	0.02153428191072635	32.86
88	WayburnSeader02	0.53	0.01348913745820937	66.17	0.0	0.06031215134471495	400.0	0.0	0.006202653981290496	29.52	0.03	0.006852276872432412	35.75	0.33	0.029195774635236375	83.1	0.15	0.08142499152216259	296.98	0.12	0.029925732825486193	90.9	0.0	0.08730704838972088	400.0
89	VenterSobiezcczanskiSobieski	0.01	0.057788003929108524	247.97	0.0	0.015947377941520246	11.98	0.0	0.014959505210545104	11.28	0.0	0.010914255560028324	8.3	0.0	0.03937812627087624	166.57	0.0	0.035103942827054195	140.34	0.0	0.03810243456241552	151.39	0.0	0.04087237309860939	162.1
90	Paviani	0.0	0.08241489123767679	2.98	0.0	0.08930898642647662	2.91	0.0	0.04519135974318488	3.04	0.0	0.03738464683217898	2.81	0.01	0.5735582687499027	1600.27	0.02	0.6477206686996669	1580.44	0.05	0.5033895458058396	1461.22	0.1	0.5875772488517031	1343.15
91	Gulf	0.0	0.8616554776264093	509.59	0.0	0.32970227274572605	50.12	0.0	0.2205750349911068	2.81	0.0	0.22660436896421746	2.87	0.0	0.5264460802865506	533.98	0.0	0.5690410994637659	552.38	0.0	0.5413749070430822	512.45	0.0	0.5590165361742311	568.93
92	JennrichSampson	0.62	0.005776816171683095	9.06	0.48	0.0238632443982624	79.4	0.65	0.007953566658916316	11.94	0.13	0.004956811117081088	4.94	1.0	0.03480819979396983	55.98	0.86	0.05519547785731447	118.1	1.0	0.026955781374890648	29.69	0.08	0.13447458122880562	389.14
93	Exp2	0.02	0.26030335491599543	357.08	0.06	0.0908138685085578	26.32	0.0	0.08976800434824328	17.68	0.0	0.08720210703761949	18.47	0.04	0.10347429428648866	165.92	0.06	0.09367328943245412	136.95	0.09	0.14786016714496328	329.32	0.0	0.06636392326705391	39.89
94	PermFunction02	0.0	0.01083515612273004	16.25	0.0	0.011594219074222563	26.99	0.0	0.005667461638067834	11.99	0.0	0.006419062378545277	11.38	0.0	0.022438971301062337	53.32	0.0	0.026079752006507983	68.08	0.0	0.02215243094890866	51.04	0.0	0.08215073751871386	309.8
95	Shekel05	0.4	0.04278912219171616	75.89	0.07	0.2376082309257981	574.32	0.0	0.005132778179176967	1.07	0.0	0.005047922789872246	1.72	0.01	0.07792368788037493	36.95	0.02	0.1063970991028782	28.58	0.0	0.08541121486933663	37.32	0.02	0.08270557963847751	54.77
96	Powell	0.3	0.014110609211547854	47.04	0.24	0.07002415276111605	368.7	0.0	0.005603047147969846	21.43	0.18	0.0074527860132729985	27.97	0.0	0.05115385454207171	84.75	0.0	0.1264873683368478	317.63	0.0	0.07057540275623979	136.26	0.0	0.248575876574605	798.94
97	RotatedEllipse02	1.0	0.001088858469865954	4.93	1.0	0.0009281707661921246	4.74	1.0	0.0008636408148777263	4.44	1.0	0.0006281941577071848	3.29	1.0	0.013342356408029443	11.78	1.0	0.01344857638546273	11.94	1.0	0.013486002901809116	11.57	1.0	0.013689372742355772	13.55
98	RotatedEllipse01	1.0	0.001282379902258981	5.36	1.0	0.0011347863477294596	4.81	1.0	0.0013724780827215	6.06	1.0	0.0008953969062622492	4.03	1.0	0.015063274845797425	11.26	1.0	0.015760365096721216	11.29	1.0	0.01598660479656246	11.45	1.0	0.014606360882826266	12.43
99	Schwefel04	1.0	0.004202332400654996	16.61	1.0	0.007193289227197966	31.12	0.5	0.004163528903127371	14.08	0.71	0.0033301902243601947	13.23	1.0	0.019401932648515863	14.38	1.0	0.019156992519438063	14.17	1.0	0.02046037352106396	14.87	1.0	0.035755259148209005	78.26
100	Mishra08	0.01	0.02268153378590796	55.09	0.01	0.0283670672313292	85.47	0.0	0.04751642220976464	67.48	0.0	0.01259395436889463	25.74	0.0	0.030722619993011905	77.24	0.0	0.030194248409952707	73.56	0.0	0.030637862959592893	71.87	0.0	0.09507278969951584	331.97
101	NewFunction03	0.0	0.028095391432561883	101.59	0.0	0.03868192549844025	132.23	0.0	0.0054017513317739935	8.56	0.0	0.006196243749591304	8.48	0.0	0.02542632745035917	53.59	0.0	0.030363287803129423	60.51	0.0	0.02545417069179166	44.16	0.0	0.029394000040165336	68.42
102	HelicalValley	0.92	0.0069090025055083965	24.95	0.77	0.0569811999320973	282.3	0.01	0.007552749707128894	13.76	0.01	0.004452720585341012	8.93	0.99	0.033786146287557134	38.53	1.0	0.04542388138467686	75.96	1.0	0.05256599566636396	42.35	0.04	0.1722457192780348	590.41
103	DixonPrice	0.52	0.004218744988693289	13.94	0.53	0.0048092175625515645	20.39	0.28	0.004076030736596296	12.19	0.34	0.0030666351927993675	11.9	0.62	0.0174751940281476	29.57	0.43	0.017545509865776694	36.75	0.5	0.017598459491746325	34.9	0.55	0.04431007047836829	172.08
104	Stochastic	0.0	0.004802610619299231	1.44	0.0	0.005579112480090771	1.48	0.0	0.004821494931093184	1.52	0.0	0.0045329062126347715	1.45	0.0	0.02410271936650133	44.97	0.0	0.022276213849472697	45.2	0.0	0.02374729147395556	44.9	0.0	0.022037769478838527	45.26
105	ThreeHumpCamel	0.23	0.0048373858057311715	11.49	0.24	0.004850056597333606	13.28	0.25	0.003802426309011935	9.94	0.18	0.003099019906003377	6.98	0.32	0.015674513320527696	23.21	0.27	0.015989743629315854	23.33	0.28	0.0163186667744867	23.65	0.22	0.024761985401437408	68.01
106	Mishra01	0.0	0.08158493514289149	400.0	0.0	0.01267608145399208	8.85	0.0	0.014860820141857403	9.05	0.0	0.012389703602711959	8.86	0.0	0.04796856805512107	274.8	0.0	0.0570478081840065	293.82	0.0	0.04548398532529063	255.76	0.0	0.028253308068751717	120.54
107	GoldsteinPrice	0.59	0.004777910486855035	13.12	0.31	0.024849735871912342	121.33	0.5	0.004245976713646087	10.37	0.3	0.005597889883410971	9.32	0.32	0.01857116404939916	25.03	0.33	0.0233045108103488	45.97	0.38	0.02034755942931952	23.88	0.11	0.0850117877276989	328.92
108	Mishra03	0.0	0.004857022753158162	0.06	0.0	0.005271241750369882	0.09	0.0	0.004804791551969175	0.11	0.0	0.004632882735513703	0.14	0.0	0.023408404459569283	56.12	0.0	0.023148475763237003	56.1	0.0	0.022582006278544214	55.37	0.0	0.022424906422993444	55.12
109	Mishra04	0.0	0.005181840613104214	0.26	0.0	0.006157303409190717	4.3	0.0	0.004888197262416725	0.11	0.0	0.00506137615141597	0.06	0.0	0.023182104890902337	55.84	0.0	0.02313359410448356	56.2	0.0	0.023143827383082682	56.92	0.0	0.02290497248392967	55.57
110	Mishra02	0.0	0.08964861324752746	400.0	0.0	0.014990286296597332	9.36	0.01	0.014995276783856754	9.33	0.0	0.015145286469805798	9.45	0.0	0.05472352401094213	305.71	0.0	0.05768617147518852	324.12	0.0	0.05743062602604367	324.59	0.0	0.02731977477379587	101.44
111	Mishra06	0.16	0.04216094086293196	152.24	0.09	0.016755097075019876	31.15	0.03	0.005943597658124418	6.17	0.06	0.006969931779603939	7.1	0.05	0.031637452858676626	84.91	0.07	0.03389001000241478	85.04	0.08	0.03074535728599585	75.5	0.03	0.02967028145576478	60.58
112	Mishra07	0.0	0.015238921182353806	7.53	0.0	0.016642885947003378	13.37	0.0	0.011476153638577673	6.72	0.0	0.010114853905288329	6.28	0.0	0.02770998212919949	50.96	0.0	0.026596757081297256	50.41	0.0	0.026548639718030245	48.92	0.0	0.03261276170666861	69.16
113	Shekel10	0.07	0.0429367627859574	48.08	0.0	0.3048085632827224	522.81	0.0	0.005952885865799546	1.49	0.0	0.00764878344580211	2.11	0.0	0.10617983543795162	31.6	0.0	0.10102945157243994	30.58	0.0	0.09987623420482122	30.62	0.0	0.12080033389652273	61.64
114	Cube	0.94	0.03479504577600892	221.31	0.08	0.05337270986027761	370.02	0.0	0.002247361392091989	7.73	0.0	0.002088572382781422	8.18	0.99	0.028053239561759254	78.6	0.47	0.06921926028748203	272.29	1.0	0.028661685587330794	82.6	0.0	0.08155200733480343	392.72
115	EggHolder	0.0	0.061664881295228034	260.12	0.0	0.02007971950645697	49.01	0.0	0.004692593253075757	5.83	0.0	0.00637504602408626	6.35	0.0	0.03712178884379682	157.55	0.0	0.04197691290250077	191.25	0.0	0.03903079348741812	159.84	0.0	0.02603930639497776	54.78
116	Gear	0.0	0.20246913231801955	800.0	0.0	0.01757745839227937	2.0	0.0	0.017953113367038896	2.0	0.0	0.019453937203707028	2.0	0.0	0.1322871741056042	800.0	0.0	0.13645888364464553	800.0	0.0	0.13440459039307825	800.0	0.0	0.13483398611637312	800.0
117	StretchedV	0.0	0.006429496644941537	4.84	0.0	0.006201328316310537	4.9	0.0	0.004974143117970016	4.68	0.0	0.0045941519357438655	4.4	0.0	0.01836871789801989	47.07	0.0	0.01927306518124169	46.67	0.0	0.01868733506697936	47.08	0.0	0.01975754870004493	54.86
118	Zimmerman	0.0	0.024874153766058952	7.6	0.0	0.01666470382720945	9.69	0.0	0.020771156437504032	5.38	0.0	0.00795280547065886	3.13	0.0	0.024809196180913203	46.5	0.0	0.02780117077601062	45.47	0.01	0.05259888498745568	66.5	0.0	0.035031377635377794	60.15
119	Cigar	1.0	0.0016522233326850256	4.83	1.0	0.0012465356311531653	4.72	1.0	0.0020740456601288314	4.69	0.99	0.0010256670126545942	4.51	1.0	0.018290901362352088	8.84	1.0	0.017903302573631662	9.28	0.93	0.016371556531712485	12.58	1.0	0.01607104538101339	10.05
120	Tripod	0.17	0.013337579737699343	8.91	0.1	0.011033415738338593	2.79	0.0	0.0018185985668060312	1.06	0.07	0.007274813348494717	2.76	0.0	0.014571572867344004	1.0	0.0	0.013119058829106509	1.28	0.37	0.03076153467537552	83.29	0.0	0.013182951605940615	1.62
121	Mishra05	0.0	0.03120282289672105	118.31	0.0	0.03546368554539185	132.95	0.0	0.007146326475385648	8.62	0.0	0.004459109435420033	7.94	0.0	0.030197926061246112	85.49	0.0	0.050306361182174436	145.73	0.0	0.027394349844671533	61.25	0.0	0.0363201121768816	89.48
122	Schaffer04	0.0	0.0698407919094916	326.21	0.0	0.0453763456033721	220.07	0.0	0.0022197276912993397	4.89	0.0	0.002553726850601379	5.97	0.0	0.09288486086292323	319.45	0.0	0.0596943358610406	180.46	0.0	0.10571282931549833	362.84	0.0	0.030698937629258582	81.84
123	Ursem03	0.04	0.03681620595529239	126.68	0.03	0.012739713374157871	11.3	0.0	0.01028016005489917	9.5	0.04	0.008300245162481587	7.95	0.05	0.02645065169273039	52.59	0.06	0.025204441063351624	57.81	0.08	0.025420481695327908	59.62	0.05	0.029938912501438607	71.74
124	OddSquare	0.0	0.022004538050687188	9.52	0.0	0.032712665531771566	54.14	0.0	0.01385907069177847	5.22	0.0	0.017560464222224254	5.26	0.0	0.06848139514695503	165.32	0.0	0.05257043022958897	106.37	0.0	0.038928554781423375	71.79	0.0	0.030170262426127005	41.71
125	Schaffer01	0.0	0.03399882999365218	158.95	0.0	0.009184865695215195	5.14	0.0	0.008598327352856358	5.07	0.0	0.007200747161932669	5.14	0.0	0.02359300544926555	80.1	0.0	0.02666066268709983	94.93	0.0	0.028083456171125364	114.26	0.0	0.022544241931309442	70.69
126	Schaffer02	0.0	0.07641733046124499	333.66	0.0	0.04612085617432058	246.1	0.0	0.0021122718519654892	4.46	0.0	0.002012021643413391	4.75	0.0	0.09551870919577596	343.79	0.0	0.06892574950315973	220.9	0.0	0.09222679647919904	338.78	0.0	0.036703828050085575	112.9
127	Decanomial	0.02	0.023153231051874168	53.47	0.03	0.029609899553088324	99.66	0.0	0.05803921317077765	68.83	0.01	0.01253782742321164	27.17	0.0	0.03004752295218168	74.95	0.0	0.03617862095777128	73.79	0.0	0.03192965935970278	71.44	0.0	0.0975977239614258	342.34
128	Price04	0.14	0.015762678595929173	68.31	0.0	0.05674704472921802	374.94	0.08	0.00745843078037069	22.64	0.02	0.005257305162567718	14.91	0.28	0.031194312982715924	99.32	0.19	0.07080670136486332	284.2	0.24	0.04687377402714446	171.01	0.0	0.08814694697208324	400.0
129	Giunta	0.57	0.029387807901739508	97.09	0.49	0.010696196496119229	21.86	0.48	0.003766180062102649	5.01	0.33	0.0042574159197556576	4.58	0.5	0.026444536528251773	53.05	0.47	0.030481887781143087	80.05	0.55	0.025294286939770247	47.28	0.48	0.024630552130893192	42.22
130	Matyas	1.0	0.001301944151900898	7.57	1.0	0.0026890558656305075	18.45	0.51	0.001349522696400527	5.51	1.0	0.0004608695763363356	3.11	1.0	0.011449717312616485	4.58	1.0	0.011670568825757071	4.73	1.0	0.011585213104990544	4.54	0.85	0.012912028442797235	10.98
131	Corana	0.0	0.4253939256318791	776.07	0.0	0.050322299096551434	4.44	0.0	0.05205285640186957	4.71	0.0	0.049620077239223966	4.06	0.0	0.23249013769381235	800.0	0.0	0.22009361333087327	800.0	0.0	0.21562167487940315	800.0	0.0	0.17806676989748665	576.82
132	Branin01	0.0	0.06442240134379973	309.89	0.0	0.013435559210320207	11.56	0.0	0.009984190375789695	10.21	0.0	0.009896221812005024	8.71	0.0	0.03713908235755298	176.62	0.0	0.04211209224585218	199.78	0.0	0.034569182393943264	158.15	0.0	0.029804464412072774	98.01
133	Branin02	0.0	0.0213203024739596	80.58	0.0	0.01175288406974687	17.55	0.0	0.008611883346593458	8.27	0.0	0.006812113499154293	7.98	0.0	0.024231009528075446	62.7	0.0	0.024422529634002783	62.5	0.0	0.02851596934545341	65.95	0.0	0.02427023210686457	50.69
134	McCormick	0.54	0.020853865104636497	108.88	0.46	0.005516139116125487	9.84	0.42	0.004339380503897701	7.04	0.38	0.004434302394502083	6.41	0.57	0.023884895501223583	93.38	0.49	0.025192629815664988	106.53	0.6	0.023595173553057968	88.3	0.6	0.019239867963724462	56.98
135	Sargan	1.0	0.0032853741945473303	5.62	1.0	0.00322887093110694	5.61	1.0	0.0033055071972557925	5.49	1.0	0.002123608425945349	3.22	1.0	0.03241389057446213	11.83	1.0	0.03251051444778568	11.45	1.0	0.03208306018217627	11.32	1.0	0.032109047492640465	11.65
136	Dolan	0.0	0.016950157989313083	5.33	0.0	0.016178804840283192	5.91	0.0	0.007924141172197778	4.1	0.0	0.01179408231702837	4.0	0.0	0.0663845052853867	76.49	0.0	0.06990395770872965	91.71	0.0	0.06611947491690444	76.21	0.0	0.08988643754898476	144.05
137	Rosenbrock	1.0	0.0140291278535733	50.95	0.31	0.07492833497756693	317.57	0.0	0.0038596950372084392	8.22	0.0	0.003049966024454989	6.93	1.0	0.029671897911739506	47.56	0.62	0.07719492706492019	198.59	1.0	0.033631881644596434	53.86	0.0	0.12178732570178907	390.84
138	Whitley	0.0	0.02632420890939102	66.43	0.0	0.023339871855305318	23.81	0.0	0.013004726637236673	14.32	0.0	0.008284747711013552	9.01	0.0	0.027341096598638613	48.42	0.0	0.030526374532910263	34.28	0.0	0.025167420798952664	28.84	0.0	0.040836511722109205	84.43
139	Wavy	0.01	0.05980026077114418	224.19	0.0	0.013323626044475529	15.56	0.01	0.008216779583390234	8.17	0.01	0.009032871788122064	7.27	0.01	0.032627010467222134	116.95	0.04	0.03060464008408417	99.69	0.01	0.03014427511568101	98.29	0.02	0.02620038752183064	51.52
140	Csendes	0.0	0.02304796469791654	67.6	0.0	0.0607520326507165	259.58	0.0	0.004065386929587475	10.84	0.0	0.00791586645679672	15.72	0.0	0.02440151570547641	39.51	0.0	0.08232579372050168	212.72	0.0	0.06983465108712153	172.7	0.0	0.024309942188192508	41.99
141	Schwefel26	0.06	0.09866461915567017	368.64	0.05	0.02231712558198524	32.79	0.03	0.006997475677308102	5.45	0.03	0.01023434763818841	7.25	0.02	0.05978386956484427	291.74	0.02	0.053644753424132434	258.69	0.08	0.056869578938913035	291.24	0.0	0.020860467771599358	22.45
142	MultiModal	0.11	0.011552691548986329	3.43	0.16	0.01577326253433057	19.63	0.0	0.014800356988735075	2.58	0.09	0.00890154114966208	3.09	0.0	0.024709719989559745	65.92	0.0	0.03446100812971963	64.41	0.0	0.030706429774554636	65.48	0.0	0.025195948254586254	65.06
143	RosenbrockModified	0.0	0.015947215440683067	54.55	0.0	0.039898214585809916	201.7	0.0	0.003590837345627733	11.01	0.0	0.002787172181187998	6.02	0.0	0.02829195761807568	90.77	0.0	0.05554577414346568	191.89	0.0	0.028283319413885687	81.3	0.0	0.08935452088115198	353.97
144	Schwefel36	0.0	0.06203808165150804	360.2	0.0	0.00699027859918715	8.07	0.0	0.006423620955556544	4.07	0.01	0.005872648922431836	3.64	0.06	0.0862983541655376	377.6	0.07	0.08846179241022582	374.2	0.05	0.08979470580710767	381.32	0.05	0.08326593823514486	388.28
145	HimmelBlau	0.0	0.005840687566806082	11.29	0.0	0.005606664930455736	12.07	0.0	0.005540629707948028	11.25	0.0	0.00486747412497607	10.15	0.0	0.019440791738479686	46.91	0.0	0.018509888391863568	48.82	0.0	0.01784717990424724	44.85	0.0	0.025451788771088103	87.23
146	Schwefel06	0.34	0.009463165542674687	3.26	0.34	0.009688986161372669	3.27	0.15	0.006651832047673453	2.47	0.28	0.00834563422166866	2.81	0.0	0.012689958173114064	1.0	0.0	0.012835276715522924	1.17	0.01	0.022420052778506942	57.44	0.0	0.012913738978259063	1.0
147	Infinity	0.0	0.020138155674994777	55.68	0.0	0.06171271214383521	275.47	0.0	0.005510032504462289	10.29	0.0	0.007005882959128939	15.29	0.0	0.02498575765395799	39.69	0.0	0.08127466966352585	208.3	0.0	0.0733150733670027	166.93	0.0	0.02241072608379	40.84
148	Mishra11	0.01	0.011417482271335756	7.49	0.03	0.011226573681951776	11.54	0.02	0.00746621799325112	7.12	0.02	0.007882810358451025	6.21	0.05	0.022337489506935527	48.17	0.0	0.021898613140538144	48.75	0.03	0.023243637128725826	47.1	0.02	0.0252650709936006	58.17
149	Hansen	0.02	0.0719850037354081	185.37	0.0	0.022214147069316827	10.39	0.01	0.02769577613193178	10.96	0.02	0.01867437348423664	8.38	0.01	0.036655017920038516	73.33	0.0	0.03490543946011712	43.05	0.02	0.03594556905025456	43.93	0.0	0.033172076876599024	37.08
150	StyblinskiTang	0.25	0.05438234060274226	211.81	0.3	0.011830632184019124	10.01	0.23	0.012826227982714043	10.07	0.2	0.010610922025707624	8.58	0.21	0.03697092389016689	143.71	0.23	0.0348542516856196	131.72	0.31	0.03890513327415647	145.36	0.24	0.035015854525818214	124.13
151	Easom	0.0	0.08926791646950732	270.81	0.0	0.01917251990528712	10.3	0.0	0.015982341286944576	8.78	0.0	0.015318884440093826	7.34	0.0	0.04604167976292956	174.64	0.0	0.04651634480798749	172.5	0.0	0.04408073043283366	164.6	0.0	0.03560445833969425	88.77
152	Ripple25	0.06	0.02620423195034164	67.46	0.04	0.016646602085393168	21.05	0.0	0.010406243625566277	7.26	0.01	0.008514391376511412	6.22	0.06	0.026525021499264768	41.44	0.06	0.02321735047461516	23.92	0.02	0.024654837458510884	35.44	0.02	0.040578913630361056	87.99
153	Schwefel01	1.0	0.008459376278924537	40.98	0.7	0.02847210693921625	155.01	0.75	0.0071932849508812065	33.09	0.83	0.006235013036421151	31.85	1.0	0.023631975724074442	42.77	1.0	0.023940321127356584	42.84	1.0	0.024205620905122488	42.4	0.0	0.07527898619990993	284.69
154	Langermann	0.01	0.03388711492103539	55.55	0.08	0.0340389206691907	59.49	0.03	0.011246155036951677	7.17	0.03	0.01394608563201473	7.17	0.03	0.03904488402352399	42.4	0.02	0.04332158623084978	48.66	0.02	0.03585934523272044	39.23	0.04	0.06776593374497679	88.45
155	Alpine01	0.0	0.016228953464460575	4.98	0.0	0.01608463130904056	4.68	0.0	0.010114007190168195	4.0	0.0	0.008174901398297152	3.01	0.0	0.03617819760018392	71.43	0.01	0.02853614083525827	62.05	0.01	0.03446021273071892	93.96	0.0	0.02696493701590043	69.69
156	DropWave	0.02	0.006632554312727734	4.74	0.0	0.006390586239012919	5.21	0.0	0.005733920218053754	5.13	0.03	0.00466017005300273	4.58	0.0	0.019196642732022155	21.22	0.0	0.018826166403487152	21.18	0.0	0.01855083861141793	20.96	0.0	0.020215741288338904	28.71
157	Bukin06	0.0	0.0038318902827995773	0.0	0.0	0.003753064531210839	0.04	0.0	0.004196456711242718	0.06	0.0	0.0038861741264736337	0.03	0.0	0.02124402969658149	60.64	0.0	0.021763647614270663	60.06	0.0	0.02121244038247824	60.4	0.0	0.02161954355220587	60.54
158	Alpine02	0.22	0.0217273757093244	92.94	0.2	0.007482031893850946	10.08	0.14	0.005622183763662179	6.02	0.12	0.005756383825319063	5.21	0.14	0.028685603149788217	120.62	0.22	0.032605705747701	149.35	0.22	0.02710683448725831	108.55	0.18	0.02451088734459517	84.49
159	ElAttarVidyasagarDutta	0.39	0.026785151183539708	137.78	0.13	0.052467639875831085	316.71	0.01	0.015305927133767909	50.42	0.06	0.008018849245827369	28.6	0.48	0.02453065258211609	70.8	0.39	0.026718637011072133	73.89	0.39	0.025222363198790846	67.82	0.01	0.08845399236845879	393.6
160	Bukin02	0.0	0.034420776335127815	193.09	0.0	0.006649189270301576	4.08	0.0	0.006786275860631578	2.97	0.0	0.007658208496377483	2.79	0.0	0.0754659733866265	312.92	0.0	0.07674963619046139	298.5	0.0	0.11462806757814176	400.0	0.0	0.04076640970144582	138.07
161	BoxBetts	1.0	0.01453995789524015	16.93	0.04	0.3948505868633401	580.16	0.0	0.008292103013591259	6.4	0.5	0.01211757878831122	7.19	1.0	0.08638743885367148	14.4	1.0	0.08226941447088393	10.55	1.0	0.0965734766933474	10.02	0.13	0.4919989745339262	539.3
162	Zacharov	1.0	0.0030125608897014896	10.41	1.0	0.002893828345231668	10.68	1.0	0.002643679635530134	8.89	0.78	0.002520439830022951	8.31	1.0	0.02050578823827891	10.46	1.0	0.02136079512537435	11.41	1.0	0.021693237697290896	12.07	1.0	0.032840224439351	51.85
163	Sphere	1.0	0.000623190841433825	2.63	1.0	0.0005342515487700439	2.62	1.0	0.0005870942663113965	2.67	1.0	0.0007935259653186221	2.6	1.0	0.012768198066351034	2.72	1.0	0.012788647518054858	2.74	1.0	0.013456235308067334	2.66	1.0	0.013470877491927241	2.69
164	Levy03	0.13	0.04377311628342796	154.57	0.14	0.018508049566071348	27.08	0.01	0.009319005888091852	8.29	0.06	0.012895975067203837	7.88	0.12	0.030543869034509043	71.89	0.1	0.03493823897802032	104.73	0.06	0.04409269990494067	88.43	0.05	0.04185723528713425	75.74
165	Levy05	0.01	0.05085796611349906	111.59	0.0	0.024899525283581168	19.24	0.01	0.019668263023922918	11.07	0.0	0.01699175393605401	8.66	0.0	0.03370616592459555	67.73	0.0	0.030462545901118576	46.89	0.0	0.03804897177571547	99.5	0.0	0.029135418390633275	34.33
166	Zettl	1.0	0.0034738281655609174	20.6	0.78	0.01986319564800397	137.71	0.07	0.002338186550132377	8.88	0.03	0.002305797560720748	9.75	1.0	0.016647803736641438	28.06	0.92	0.026020362214403576	67.99	1.0	0.016777723183158743	27.71	0.31	0.02497015757022382	78.39
167	Michalewicz	0.0	0.042181894922741776	128.92	0.0	0.01792922573895339	28.78	0.0	0.009135320034747565	4.28	0.0	0.011159400953411024	4.5	0.0	0.0295953044090038	84.84	0.0	0.029800833800518376	75.07	0.0	0.033039728469530016	106.6	0.0	0.0371609216194247	77.52
